"Nombre","FechaExif","FechaArchivo"
"CON ESTRELLITA 1.webp",,"20/08/2026 9:46:21 a. m."
"CON ESTRELLITA 2.webp",,"20/08/2026 9:47:22 a. m."
"CON ESTRELLITA.webp",,"20/08/2026 9:44:37 a. m."
"EN TU PIEL.webp",,"20/08/2026 9:44:27 a. m."
"FAMILIA 1.webp",,"20/08/2026 9:45:21 a. m."
"FAMILIA.webp",,"20/08/2026 9:42:44 a. m."
"FATO 3.webp",,"20/08/2026 9:43:00 a. m."
"FOTO 1.webp",,"20/08/2026 9:42:22 a. m."
"FOTO 10.webp",,"20/08/2026 9:54:30 a. m."
"FOTO 11.webp",,"20/08/2026 9:54:43 a. m."
"FOTO 12.webp",,"20/08/2026 9:54:55 a. m."
"FOTO 2.webp",,"20/08/2026 9:44:04 a. m."
"FOTO 4.webp",,"20/08/2026 9:44:59 a. m."
"FOTO 5.webp",,"20/08/2026 9:45:36 a. m."
"FOTO 6.webp",,"20/08/2026 9:46:41 a. m."
"FOTO 7.webp",,"20/08/2026 9:54:02 a. m."
"FOTO 8.webp",,"20/08/2026 9:54:13 a. m."
"FOTO 9.webp",,"20/08/2026 9:54:20 a. m."
"IMG-20260831-WA0032.jpg",,"31/08/2026 10:08:02 a. m."
"IMG-20260906-WA0004.jpg",,"17/09/2026 11:14:44 p. m."
"IMG-20260906-WA0006.jpg",,"17/09/2026 11:14:47 p. m."
"IMG-20260906-WA0008.jpg",,"17/09/2026 11:14:41 p. m."
"IMG-20260906-WA0009.jpg",,"17/09/2026 11:14:50 p. m."
"IMG-20260906-WA0010.jpg",,"17/09/2026 11:14:42 p. m."
"IMG-20260906-WA0011.jpg",,"17/09/2026 11:14:51 p. m."
"IMG-20260906-WA0012.jpg",,"17/09/2026 11:14:45 p. m."
"IMG-20260914-WA0003.jpg",,"17/09/2026 11:15:35 p. m."
"IMG-20260914-WA0004.jpg",,"17/09/2026 11:15:36 p. m."
"IMG-20260914-WA0005.jpg",,"17/09/2026 11:15:37 p. m."
"IMG-20260914-WA0006.jpg",,"17/09/2026 11:15:38 p. m."
"IMG-20260914-WA0008.jpg",,"17/09/2026 11:15:41 p. m."
"IMG-20260914-WA0009.jpg",,"17/09/2026 11:15:42 p. m."
"IMG-20260914-WA0013.jpg",,"17/09/2026 11:15:48 p. m."
"IMG-20260914-WA0014.jpg",,"17/09/2026 11:15:49 p. m."
"IMG-20260914-WA0015.jpg",,"17/09/2026 11:15:50 p. m."
"IMG-20260914-WA0016.jpg",,"17/09/2026 11:15:51 p. m."
"IMG-20260916-WA0027.jpg",,"17/09/2026 11:16:00 p. m."
"IMG20260722143357.jpg","22/07/2026 2:33:57 p. m.","22/07/2026 2:33:57 p. m."
"IMG20260905234522.jpg","5/09/2026 11:45:22 p. m.","5/09/2026 11:45:22 p. m."
"IMG20260906135403.jpg","6/09/2026 1:54:03 p. m.","6/09/2026 1:54:03 p. m."
"IMG20260906135423.jpg","6/09/2026 1:54:23 p. m.","6/09/2026 1:54:23 p. m."
"IMG20260906135439.jpg","6/09/2026 1:54:39 p. m.","6/09/2026 1:54:39 p. m."
"IMG20260906135441.jpg","6/09/2026 1:54:41 p. m.","6/09/2026 1:54:41 p. m."
"IMG20260906135443.jpg","6/09/2026 1:54:43 p. m.","6/09/2026 1:54:43 p. m."
"IMG20260906135444.jpg","6/09/2026 1:54:44 p. m.","6/09/2026 1:54:44 p. m."
"IMG20260906144733.jpg","6/09/2026 2:47:33 p. m.","6/09/2026 2:47:33 p. m."
"IMG20260906144735.jpg","6/09/2026 2:47:35 p. m.","6/09/2026 2:47:35 p. m."
"IMG20260906144822.jpg","6/09/2026 2:48:22 p. m.","6/09/2026 2:48:22 p. m."
"IMG20260906144823.jpg","6/09/2026 2:48:23 p. m.","6/09/2026 2:48:23 p. m."
"IMG20260906144824.jpg","6/09/2026 2:48:24 p. m.","6/09/2026 2:48:24 p. m."
"JUNTOS.webp",,"20/08/2026 9:41:01 a. m."
"MESE 1.webp",,"20/08/2026 9:45:11 a. m."
"MESES 2.webp",,"20/08/2026 9:42:33 a. m."
"MI MIMO 1.webp",,"20/08/2026 9:47:09 a. m."
"MI MIMO 2.webp",,"20/08/2026 9:53:49 a. m."
"motion_photo_103894343051764961.jpg",,"31/08/2026 10:08:11 a. m."
"motion_photo_1120853149090751683.jpg",,"31/08/2026 10:08:27 a. m."
"motion_photo_1238747941965625335.jpg",,"31/08/2026 10:08:24 a. m."
"motion_photo_1549668502139459518.jpg",,"31/08/2026 10:08:30 a. m."
"motion_photo_1683334298475873232.jpg",,"31/08/2026 10:08:32 a. m."
"motion_photo_1707079875662787590.jpg",,"31/08/2026 10:08:09 a. m."
"motion_photo_2082299629117771404.jpg",,"31/08/2026 10:08:34 a. m."
"motion_photo_2499772291074988993.jpg",,"31/08/2026 10:08:16 a. m."
"motion_photo_3182785420361695234.jpg",,"31/08/2026 10:08:22 a. m."
"motion_photo_3280292480786446058.jpg",,"31/08/2026 10:08:15 a. m."
"motion_photo_3534743502450874842.jpg",,"31/08/2026 10:08:12 a. m."
"motion_photo_4037352234326229645.jpg",,"31/08/2026 10:08:51 a. m."
"motion_photo_5362492498561649651.jpg",,"31/08/2026 10:08:07 a. m."
"motion_photo_5395659192329773646.jpg",,"31/08/2026 10:08:19 a. m."
"motion_photo_5438695710058420547.jpg",,"31/08/2026 10:08:13 a. m."
"motion_photo_5496219643701765308.jpg",,"31/08/2026 10:08:35 a. m."
"motion_photo_6004101252014480581.jpg",,"31/08/2026 10:08:45 a. m."
"motion_photo_7075009016324676230.jpg",,"31/08/2026 10:08:56 a. m."
"motion_photo_752544663372879880.jpg",,"31/08/2026 10:08:04 a. m."
"motion_photo_7555425390449517621.jpg",,"31/08/2026 10:08:38 a. m."
"motion_photo_8261222058771140430.jpg",,"31/08/2026 10:08:42 a. m."
"motion_photo_8694737091419444057.jpg",,"31/08/2026 10:08:54 a. m."
"NUESTRA ESTRELLITA.webp",,"20/08/2026 9:45:51 a. m."
"TU MIMO.webp",,"20/08/2026 9:44:47 a. m."
